audio_path,reference,wer,wspr_hyp,wspr_prob,gtts_ll,gtts_prior,gtts_delta
/fastdata/acq22mc/data/LJSpeech-1.1/wavs/LJ022-0023.wav,the overwhelming majority of people in this country know how to sift the wheat from the chaff in what they hear and what they read,0.0,the overwhelming majority of people in this country know how to sift the wheat from the chaff in what they hear and what they read,-9.785205841064451,8128.765625,-85885.359375,94014.125
/fastdata/acq22mc/data/LJSpeech-1.1/wavs/LJ005-0201.wav,as is shown by the report of the commissioners to inquire into the state of the municipal corporations in 1835,0.0,as is shown by the report of the commissioners to inquire into the state of the municipal corporations in 1835,-8.209773063659668,7198.9140625,-76971.84375,84170.7578125
/fastdata/acq22mc/data/LJSpeech-1.1/wavs/LJ005-0201.wav,as is shown by the report of the commissioners to inquire into the state of the municipal corporations in 1835,0.05,as is shown by the report of the commissioners to enquire into the state of the municipal corporations in 1835,-8.483234405517578,7378.6796875,-77019.6796875,84398.359375
/fastdata/acq22mc/data/LJSpeech-1.1/wavs/LJ001-0110.wav,even the caslon type when enlarged shows great shortcomings in this respect,0.0833333333333333,even the caslung type when enlarged shows great shortcomings in this respect,-8.019025802612305,6511.390625,-56793.625,63305.015625
/fastdata/acq22mc/data/LJSpeech-1.1/wavs/LJ001-0110.wav,even the caslon type when enlarged shows great shortcomings in this respect,0.1666666666666666,even the castle en type when enlarged shows great shortcomings in this respect,-10.596060752868652,5995.11328125,-56796.80078125,62791.9140625
/fastdata/acq22mc/data/LJSpeech-1.1/wavs/LJ001-0110.wav,even the caslon type when enlarged shows great shortcomings in this respect,0.25,even the caslung type when in large shows great shortcomings in this respect,-10.597715377807615,6093.84765625,-56979.25,63073.09765625
/fastdata/acq22mc/data/LJSpeech-1.1/wavs/LJ001-0110.wav,even the caslon type when enlarged shows great shortcomings in this respect,0.1666666666666666,even the cas lung type when enlarged shows great shortcomings in this respect,-10.810335159301758,6621.87890625,-56815.765625,63437.64453125
/fastdata/acq22mc/data/LJSpeech-1.1/wavs/LJ001-0110.wav,even the caslon type when enlarged shows great shortcomings in this respect,0.1666666666666666,even the castle in type when enlarged shows great shortcomings in this respect,-10.945075988769531,6368.68359375,-56791.21875,63159.90234375
/fastdata/acq22mc/data/LJSpeech-1.1/wavs/LJ001-0110.wav,even the caslon type when enlarged shows great shortcomings in this respect,0.0,even the caslon type when enlarged shows great shortcomings in this respect,-11.236740112304688,6286.2734375,-56748.9375,63035.2109375
/fastdata/acq22mc/data/LJSpeech-1.1/wavs/LJ003-0345.wav,all the committee could do in this respect was to throw the responsibility on others,0.0,all the committee could do in this respect was to throw the responsibility on others,-6.6141204833984375,6837.42578125,-53415.0625,60252.48828125
/fastdata/acq22mc/data/LJSpeech-1.1/wavs/LJ007-0154.wav,these pungent and well grounded strictures applied with still greater force to the unconvicted prisoner the man who came to the prison innocent and still uncontaminated,0.0,these pungent and well grounded strictures applied with still greater force to the unconvicted prisoner the man who came to the prison innocent and still uncontaminated,-9.022416114807127,11544.921875,-96210.3359375,107755.2578125
/fastdata/acq22mc/data/LJSpeech-1.1/wavs/LJ018-0098.wav,and recognized as one of the frequenters of the bogus law stationers his arrest led to that of others,0.0,and recognized as one of the frequenters of the bogus law stationers his arrest led to that of others,-11.63108253479004,8145.1328125,-69648.3828125,77793.515625
/fastdata/acq22mc/data/LJSpeech-1.1/wavs/LJ047-0044.wav,oswald was however willing to discuss his contacts with soviet authorities he denied having any involvement with soviet intelligence agencies,0.05,oswald was however willing to discuss his contacts with soviet authorities he denied having any involvement with soviet intelligence,-6.164278507232666,12992.6953125,-87871.21875,100863.9140625
/fastdata/acq22mc/data/LJSpeech-1.1/wavs/LJ047-0044.wav,oswald was however willing to discuss his contacts with soviet authorities he denied having any involvement with soviet intelligence agencies,0.05,ozworld was however willing to discuss his contacts with soviet authorities he denied having any involvement with soviet intelligence agencies,-9.400052070617676,13271.0703125,-87998.125,101269.1953125
/fastdata/acq22mc/data/LJSpeech-1.1/wavs/LJ047-0044.wav,oswald was however willing to discuss his contacts with soviet authorities he denied having any involvement with soviet intelligence agencies,0.0,oswald was however willing to discuss his contacts with soviet authorities he denied having any involvement with soviet intelligence agencies,-10.776411056518556,13022.7265625,-87932.546875,100955.2734375
/fastdata/acq22mc/data/LJSpeech-1.1/wavs/LJ047-0044.wav,oswald was however willing to discuss his contacts with soviet authorities he denied having any involvement with soviet intelligence agencies,0.1,oswald was however willing to discuss his contacts with soviet authorities he denied having any involvement with soviet,-13.136934280395508,12382.7109375,-87847.40625,100230.1171875
/fastdata/acq22mc/data/LJSpeech-1.1/wavs/LJ031-0038.wav,the 1st physician to see the president at parkland hospital was doctor charles j carrico a resident in general surgery,0.0,the 1st physician to see the president at parkland hospital was doctor charles j carrico a resident in general surgery,-7.948945045471191,11665.0,-73777.78125,85442.78125
/fastdata/acq22mc/data/LJSpeech-1.1/wavs/LJ031-0038.wav,the 1st physician to see the president at parkland hospital was doctor charles j carrico a resident in general surgery,0.05,the 1st physician to see the president at parkland hospital was doctor charles j carico a resident in general surgery,-8.198457717895508,12328.3671875,-73800.265625,86128.6328125
/fastdata/acq22mc/data/LJSpeech-1.1/wavs/LJ031-0038.wav,the 1st physician to see the president at parkland hospital was doctor charles j carrico a resident in general surgery,0.05,the 1st physician to see the president at parkland hospital was doctor charles j carroco a resident in general surgery,-8.358881950378418,11688.921875,-73859.2578125,85548.1796875
/fastdata/acq22mc/data/LJSpeech-1.1/wavs/LJ031-0038.wav,the 1st physician to see the president at parkland hospital was doctor charles j carrico a resident in general surgery,0.05,the 1st physician to see the president at parkland hospital was doctor charles j carreco a resident in general surgery,-8.477823257446289,11627.890625,-73789.765625,85417.65625
/fastdata/acq22mc/data/LJSpeech-1.1/wavs/LJ031-0038.wav,the 1st physician to see the president at parkland hospital was doctor charles j carrico a resident in general surgery,0.05,the 1st physician to see the president at parkland hospital was doctor charles j kerico a resident in general surgery,-9.493624687194824,12082.953125,-73888.9375,85971.890625
/fastdata/acq22mc/data/LJSpeech-1.1/wavs/LJ048-0194.wav,during the morning of november 22 prior to the motorcade,0.0,during the morning of november 22 prior to the motorcade,-4.757346630096436,6975.515625,-34186.7265625,41162.2421875
/fastdata/acq22mc/data/LJSpeech-1.1/wavs/LJ048-0194.wav,during the morning of november 22 prior to the motorcade,0.1,during the morning of november 22th prior to the motorcade,-8.503518104553223,6704.35546875,-34209.6484375,40914.00390625
/fastdata/acq22mc/data/LJSpeech-1.1/wavs/LJ049-0026.wav,on occasion the secret service has been permitted to have an agent riding in the passenger compartment with the president,0.0,on occasion the secret service has been permitted to have an agent riding in the passenger compartment with the president,-8.342618942260742,9929.5,-72632.015625,82561.515625
/fastdata/acq22mc/data/LJSpeech-1.1/wavs/LJ049-0026.wav,on occasion the secret service has been permitted to have an agent riding in the passenger compartment with the president,0.05,on occasion the secret service has been permitted to have an agent writing in the passenger compartment with the president,-9.148567199707031,10176.5625,-72605.046875,82781.609375
/fastdata/acq22mc/data/LJSpeech-1.1/wavs/LJ004-0152.wav,although at mister buxton is visit a new jail was in process of erection the 1st step towards reform since howard is visitation in 1774,0.08,although at mister buckston is visit a new jail was in process of erection the 1st step towards reforms since howard is visitation in 1774,-8.207300186157227,10665.1875,-95486.890625,106152.078125
/fastdata/acq22mc/data/LJSpeech-1.1/wavs/LJ004-0152.wav,although at mister buxton is visit a new jail was in process of erection the 1st step towards reform since howard is visitation in 1774,0.04,although at mister buxton is visit a new jail was in process of erection the 1st step towards reforms since howard is visitation in 1774,-8.760787010192871,10914.109375,-95460.546875,106374.65625
/fastdata/acq22mc/data/LJSpeech-1.1/wavs/LJ004-0152.wav,although at mister buxton is visit a new jail was in process of erection the 1st step towards reform since howard is visitation in 1774,0.08,although at mister buchton is visit a new jail was in process of erection the 1st step towards reforms since howard is visitation in 1774,-9.12963581085205,10409.5703125,-95443.7421875,105853.3125
/fastdata/acq22mc/data/LJSpeech-1.1/wavs/LJ008-0278.wav,or theirs might be one of many and it might be considered necessary to make an example,0.1176470588235294,or there is might be one of many and it might be considered necessary to make an example,-5.72052526473999,9009.98828125,-56378.44140625,65388.4296875
/fastdata/acq22mc/data/LJSpeech-1.1/wavs/LJ008-0278.wav,or theirs might be one of many and it might be considered necessary to make an example,0.0588235294117647,or there might be one of many and it might be considered necessary to make an example,-7.24325704574585,8724.3359375,-56407.359375,65131.6953125
/fastdata/acq22mc/data/LJSpeech-1.1/wavs/LJ043-0002.wav,the warren commission report by the president is commission on the assassination of president kennedy chapter 7 lee harvey oswald,0.0,the warren commission report by the president is commission on the assassination of president kennedy chapter 7 lee harvey oswald,-11.466289520263672,9096.375,-86571.3125,95667.6875
/fastdata/acq22mc/data/LJSpeech-1.1/wavs/LJ043-0002.wav,the warren commission report by the president is commission on the assassination of president kennedy chapter 7 lee harvey oswald,0.05,the warren commission report by the president is commission on the assassination of president kennedy chapter 7 lee harvey osborne,-15.802227020263672,9178.6875,-86241.84375,95420.53125
/fastdata/acq22mc/data/LJSpeech-1.1/wavs/LJ043-0002.wav,the warren commission report by the president is commission on the assassination of president kennedy chapter 7 lee harvey oswald,0.05,the warren commission report by the president is commission on the assassination of president kennedy chapter 7 lee harvey os,-15.845195770263672,9262.9375,-86529.1875,95792.125
/fastdata/acq22mc/data/LJSpeech-1.1/wavs/LJ043-0002.wav,the warren commission report by the president is commission on the assassination of president kennedy chapter 7 lee harvey oswald,0.05,the warren commission report by the president is commission on the assassination of president kennedy chapter 7 lee harvey,-15.900997161865234,9010.640625,-86262.78125,95273.421875
/fastdata/acq22mc/data/LJSpeech-1.1/wavs/LJ043-0002.wav,the warren commission report by the president is commission on the assassination of president kennedy chapter 7 lee harvey oswald,0.05,the warren commission report by the president is commission on the assassination of president kennedy chapter 7 lee harvey 0,-16.669414520263672,9276.9375,-86564.390625,95841.328125
/fastdata/acq22mc/data/LJSpeech-1.1/wavs/LJ043-0002.wav,the warren commission report by the president is commission on the assassination of president kennedy chapter 7 lee harvey oswald,0.05,the warren commission report by the president is commission on the assassination of president kennedy chapter 7 lee harvey oz,-16.931133270263672,9513.9453125,-86520.828125,96034.7734375
/fastdata/acq22mc/data/LJSpeech-1.1/wavs/LJ043-0002.wav,the warren commission report by the president is commission on the assassination of president kennedy chapter 7 lee harvey oswald,0.05,the warren commission report by the president is commission on the assassination of president kennedy chapter 7 lee harvey a,-17.204570770263672,9318.2265625,-86594.3125,95912.5390625
/fastdata/acq22mc/data/LJSpeech-1.1/wavs/LJ009-0114.wav,mister wakefield winds up his graphic but somewhat sensational account by describing another religious service which may appropriately be inserted here,0.0,mister wakefield winds up his graphic but somewhat sensational account by describing another religious service which may appropriately be inserted here,-6.423344135284424,10074.7265625,-90778.796875,100853.5234375
/fastdata/acq22mc/data/LJSpeech-1.1/wavs/LJ028-0506.wav,a modern artist would have difficulty in doing such accurate work,0.0,a modern artist would have difficulty in doing such accurate work,-11.53827667236328,5286.18359375,-39922.4140625,45208.59765625
/fastdata/acq22mc/data/LJSpeech-1.1/wavs/LJ050-0168.wav,with the particular purposes of the agency involved the commission recognizes that this is a controversial area,0.0,with the particular purposes of the agency involved the commission recognizes that this is a controversial area,-14.498769760131836,10417.84375,-67179.484375,77597.328125
/fastdata/acq22mc/data/LJSpeech-1.1/wavs/LJ039-0223.wav,oswald is marine training in marksmanship his other rifle experience and his established familiarity with this particular weapon,0.1111111111111111,oswald is marine training in mark smanship his other rifle experience and his established familiarity with this particular weapon,-8.636833190917969,12405.0078125,-87655.6328125,100060.640625
/fastdata/acq22mc/data/LJSpeech-1.1/wavs/LJ039-0223.wav,oswald is marine training in marksmanship his other rifle experience and his established familiarity with this particular weapon,0.1111111111111111,oswald is marine training in marc smanship his other rifle experience and his established familiarity with this particular weapon,-9.38416576385498,13173.2734375,-87642.4140625,100815.6875
/fastdata/acq22mc/data/LJSpeech-1.1/wavs/LJ039-0223.wav,oswald is marine training in marksmanship his other rifle experience and his established familiarity with this particular weapon,0.0,oswald is marine training in marksmanship his other rifle experience and his established familiarity with this particular weapon,-12.63373565673828,13227.9375,-87539.484375,100767.421875
/fastdata/acq22mc/data/LJSpeech-1.1/wavs/LJ029-0032.wav,according to 0 donnell quote we had a motorcade wherever we went end quote,0.0,according to 0 donnell quote we had a motorcade wherever we went end quote,-6.86228609085083,6978.453125,-51586.46875,58564.921875
/fastdata/acq22mc/data/LJSpeech-1.1/wavs/LJ031-0070.wav,doctor clark who most closely observed the head wound,0.0,doctor clark who most closely observed the head wound,-6.193395137786865,3745.91796875,-30588.9375,34334.85546875
/fastdata/acq22mc/data/LJSpeech-1.1/wavs/LJ031-0070.wav,doctor clark who most closely observed the head wound,0.2222222222222222,doctor clark who most closely observed the head will not,-6.659241676330566,3413.15234375,-30635.453125,34048.60546875
/fastdata/acq22mc/data/LJSpeech-1.1/wavs/LJ031-0070.wav,doctor clark who most closely observed the head wound,0.2222222222222222,doctor clark who most closely observed the headwound,-7.313102722167969,3536.373046875,-30530.802734375,34067.17578125
/fastdata/acq22mc/data/LJSpeech-1.1/wavs/LJ031-0070.wav,doctor clark who most closely observed the head wound,0.2222222222222222,doctor clark who most closely observed the headwond,-8.385250091552734,3839.203125,-30554.375,34393.578125
/fastdata/acq22mc/data/LJSpeech-1.1/wavs/LJ031-0070.wav,doctor clark who most closely observed the head wound,0.1111111111111111,doctor klark who most closely observed the head wound,-8.393688201904297,3524.5546875,-30536.4140625,34060.96875
/fastdata/acq22mc/data/LJSpeech-1.1/wavs/LJ031-0070.wav,doctor clark who most closely observed the head wound,0.1111111111111111,doctor clarke who most closely observed the head wound,-8.554888725280762,3459.78125,-30587.046875,34046.828125
/fastdata/acq22mc/data/LJSpeech-1.1/wavs/LJ031-0070.wav,doctor clark who most closely observed the head wound,0.3333333333333333,doctor clarke who most closely observed the head will not,-8.966272354125977,3574.3125,-30629.30078125,34203.61328125
/fastdata/acq22mc/data/LJSpeech-1.1/wavs/LJ031-0070.wav,doctor clark who most closely observed the head wound,0.1111111111111111,doctor clark who most closely observed the head wound .,-9.052770614624023,3583.470703125,-30610.384765625,34193.85546875
/fastdata/acq22mc/data/LJSpeech-1.1/wavs/LJ031-0070.wav,doctor clark who most closely observed the head wound,0.1111111111111111,doctor clark who most closely observe the head wound,-9.195592880249023,3619.28125,-30579.171875,34198.453125
/fastdata/acq22mc/data/LJSpeech-1.1/wavs/LJ034-0198.wav,euins who was on the southwest corner of elm and houston streets testified that he could not describe the man he saw in the window,0.12,euens who was on the southwest corner of elleman houston streets testified that he could not describe the man he saw in the window,-13.256547927856444,10836.4140625,-82385.0,93221.4140625
/fastdata/acq22mc/data/LJSpeech-1.1/wavs/LJ034-0198.wav,euins who was on the southwest corner of elm and houston streets testified that he could not describe the man he saw in the window,0.2,uns who was on the south west corner of elman houston streets testified that he could not describe the man he saw in the window,-13.63980770111084,10140.265625,-82488.125,92628.390625
/fastdata/acq22mc/data/LJSpeech-1.1/wavs/LJ026-0068.wav,energy enters the plant to a small extent,0.0,energy enters the plant to a small extent,-7.088480949401856,4419.333984375,-28519.587890625,32938.921875
/fastdata/acq22mc/data/LJSpeech-1.1/wavs/LJ026-0068.wav,energy enters the plant to a small extent,0.125,the energy enters the plant to a small extent,-8.660087585449219,3995.33203125,-28525.88671875,32521.21875
/fastdata/acq22mc/data/LJSpeech-1.1/wavs/LJ039-0075.wav,once you know that you must put the crosshairs on the target and that is all that is necessary,0.0,once you know that you must put the crosshairs on the target and that is all that is necessary,-9.317216873168944,8077.68359375,-49190.765625,57268.44921875
/fastdata/acq22mc/data/LJSpeech-1.1/wavs/LJ004-0096.wav,the fatal consequences whereof might be prevented if the justices of the peace were duly authorized,0.1875,the fatal consequences we are of might be prevented if the justices of the peace were duly authorized,-11.445581436157228,4151.8125,-57399.328125,61551.140625
/fastdata/acq22mc/data/LJSpeech-1.1/wavs/LJ004-0096.wav,the fatal consequences whereof might be prevented if the justices of the peace were duly authorized,0.25,the fatal consequences we are of might be prevented if the justices of the piece were duly authorized,-13.420133590698242,3912.4453125,-57438.3125,61350.7578125
/fastdata/acq22mc/data/LJSpeech-1.1/wavs/LJ005-0014.wav,speaking on a debate on prison matters he declared that,0.0,speaking on a debate on prison matters he declared that,-8.2221040725708,5190.6640625,-38145.41015625,43336.07421875
/fastdata/acq22mc/data/LJSpeech-1.1/wavs/LJ012-0161.wav,he was reported to have fallen away to a shadow,0.0,he was reported to have fallen away to a shadow,-8.63557243347168,3651.3046875,-29177.44140625,32828.74609375
/fastdata/acq22mc/data/LJSpeech-1.1/wavs/LJ018-0239.wav,his disappearance gave color and substance to evil reports already in circulation that the will and conveyance above referred to,0.0,his disappearance gave color and substance to evil reports already in circulation that the will and conveyance above referred to,-9.310312271118164,13732.8984375,-84404.90625,98137.8046875
/fastdata/acq22mc/data/LJSpeech-1.1/wavs/LJ019-0257.wav,here the tread wheel was in use there cellular cranks or hard labor machines,0.0,here the tread wheel was in use there cellular cranks or hard labor machines,-8.856290817260742,7084.171875,-65921.09375,73005.265625
/fastdata/acq22mc/data/LJSpeech-1.1/wavs/LJ019-0257.wav,here the tread wheel was in use there cellular cranks or hard labor machines,0.1428571428571428,here the treadwheel was in use there cellular cranks or hard labor machines,-8.94031810760498,6439.703125,-66075.828125,72515.53125
/fastdata/acq22mc/data/LJSpeech-1.1/wavs/LJ028-0008.wav,you tap gently with your heel upon the shoulder of the dromedary to urge her on,0.0625,you tap gently with your heel upon the shoulder of the dramatary to urge her on,-9.29164695739746,6117.0859375,-44951.08984375,51068.17578125
/fastdata/acq22mc/data/LJSpeech-1.1/wavs/LJ028-0008.wav,you tap gently with your heel upon the shoulder of the dromedary to urge her on,0.0,you tap gently with your heel upon the shoulder of the dromedary to urge her on,-10.588266372680664,6161.18359375,-44985.83203125,51147.015625
/fastdata/acq22mc/data/LJSpeech-1.1/wavs/LJ028-0008.wav,you tap gently with your heel upon the shoulder of the dromedary to urge her on,0.125,you tap gently with your heel upon the shoulder of the drama dairy to urge her on,-11.24323272705078,6379.12109375,-44960.25,51339.37109375
/fastdata/acq22mc/data/LJSpeech-1.1/wavs/LJ024-0083.wav,this plan of mine is no attack on the court,0.0,this plan of mine is no attack on the court,-12.233495712280272,4116.41796875,-31588.4296875,35704.84765625
/fastdata/acq22mc/data/LJSpeech-1.1/wavs/LJ024-0083.wav,this plan of mine is no attack on the court,0.1,this plan of mine is no attack on the court thank,-12.675579071044922,4211.3046875,-31555.66015625,35766.96484375
/fastdata/acq22mc/data/LJSpeech-1.1/wavs/LJ024-0083.wav,this plan of mine is no attack on the court,0.1,this plan of mine is no attack on the court .,-12.844388961791992,4538.12109375,-31588.76953125,36126.890625
/fastdata/acq22mc/data/LJSpeech-1.1/wavs/LJ024-0083.wav,this plan of mine is no attack on the court,0.1,this plan of mine is no attack on the court the,-12.996828079223633,4434.2578125,-31509.09765625,35943.35546875
/fastdata/acq22mc/data/LJSpeech-1.1/wavs/LJ024-0083.wav,this plan of mine is no attack on the court,0.1,this plan of mine is no attack on the court mus,-13.364429473876951,4439.7265625,-31508.91015625,35948.63671875
/fastdata/acq22mc/data/LJSpeech-1.1/wavs/LJ024-0083.wav,this plan of mine is no attack on the court,0.1,this plan of mine is no attack on the court thanks,-13.516429901123049,4597.462890625,-31575.572265625,36173.03515625
/fastdata/acq22mc/data/LJSpeech-1.1/wavs/LJ024-0083.wav,this plan of mine is no attack on the court,0.1,this plan of mine is no attack on the court i,-13.652141571044922,4630.77734375,-31477.41015625,36108.1875
/fastdata/acq22mc/data/LJSpeech-1.1/wavs/LJ024-0083.wav,this plan of mine is no attack on the court,0.1,this plan of mine is no attack on the court this,-13.675206184387209,4086.130859375,-31548.728515625,35634.859375
/fastdata/acq22mc/data/LJSpeech-1.1/wavs/LJ024-0083.wav,this plan of mine is no attack on the court,0.1,this plan of mine is no attack on the court you,-13.856203079223633,4204.7265625,-31475.91796875,35680.64453125
/fastdata/acq22mc/data/LJSpeech-1.1/wavs/LJ024-0083.wav,this plan of mine is no attack on the court,0.1,this plan of mine is no attack on the court a,-13.949016571044922,4088.98828125,-31567.90625,35656.89453125
/fastdata/acq22mc/data/LJSpeech-1.1/wavs/LJ024-0083.wav,this plan of mine is no attack on the court,0.1,this plan of mine is no attack on the court m,-13.992992401123049,4185.03125,-31519.72265625,35704.75390625
/fastdata/acq22mc/data/LJSpeech-1.1/wavs/LJ042-0129.wav,no night clubs or bowling alleys no places of recreation except the trade union dances i have had enough,0.1052631578947368,no nightclubs or bowling alleys no places of recreation except the trade union dances i have had enough,-6.853834629058838,12467.5546875,-84870.78125,97338.3359375
/fastdata/acq22mc/data/LJSpeech-1.1/wavs/LJ042-0129.wav,no night clubs or bowling alleys no places of recreation except the trade union dances i have had enough,0.1578947368421052,no nightclubs or bowling alleys no places of recreation except the trade union dances i have had enough .,-14.32258415222168,12542.359375,-84909.46875,97451.828125
/fastdata/acq22mc/data/LJSpeech-1.1/wavs/LJ036-0103.wav,the police asked him whether he could pick out his passenger from the lineup,0.1428571428571428,the police asked him whether he could pick out his passenger from the line up,-7.004844665527344,6500.6171875,-38336.4453125,44837.0625
/fastdata/acq22mc/data/LJSpeech-1.1/wavs/LJ036-0103.wav,the police asked him whether he could pick out his passenger from the lineup,0.0,the police asked him whether he could pick out his passenger from the lineup,-8.986586570739746,6404.015625,-38354.9140625,44758.9296875
/fastdata/acq22mc/data/LJSpeech-1.1/wavs/LJ046-0058.wav,during his presidency franklin d roosevelt made almost 400 journeys and traveled more than 350000 miles,0.0,during his presidency franklin d roosevelt made almost 400 journeys and traveled more than 350000 miles,-6.724926948547363,12984.875,-90035.6796875,103020.5546875
/fastdata/acq22mc/data/LJSpeech-1.1/wavs/LJ046-0058.wav,during his presidency franklin d roosevelt made almost 400 journeys and traveled more than 350000 miles,0.0625,during his presidency franklin d roosevelt made almost 400 journies and traveled more than 350000 miles,-9.516733169555664,13266.7265625,-90042.84375,103309.5703125
/fastdata/acq22mc/data/LJSpeech-1.1/wavs/LJ014-0076.wav,he was seen afterwards smoking and talking with his hosts in their back parlor and never seen again alive,0.0,he was seen afterwards smoking and talking with his hosts in their back parlor and never seen again alive,-9.395751953125,9800.015625,-68443.5078125,78243.5234375
/fastdata/acq22mc/data/LJSpeech-1.1/wavs/LJ014-0076.wav,he was seen afterwards smoking and talking with his hosts in their back parlor and never seen again alive,0.0526315789473684,he was seen afterward smoking and talking with his hosts in their back parlor and never seen again alive,-9.764593124389648,10160.5625,-68484.6953125,78645.2578125
/fastdata/acq22mc/data/LJSpeech-1.1/wavs/LJ002-0043.wav,long narrow rooms 136 feet 623 feet and the 8th 18,0.3636363636363636,long narrow rooms one 36 feet 6 23 feet and the 8th 18,-5.202911853790283,8015.3828125,-74053.4375,82068.8203125
/fastdata/acq22mc/data/LJSpeech-1.1/wavs/LJ002-0043.wav,long narrow rooms 136 feet 623 feet and the 8th 18,0.1818181818181818,long narrow rooms one.36 feet 6.23 feet and the 8th 18,-6.613677024841309,8010.28125,-73963.1171875,81973.3984375
/fastdata/acq22mc/data/LJSpeech-1.1/wavs/LJ002-0043.wav,long narrow rooms 136 feet 623 feet and the 8th 18,0.0,long narrow rooms 136 feet 623 feet and the 8th 18,-7.813097953796387,8154.6796875,-73943.3125,82097.9921875
/fastdata/acq22mc/data/LJSpeech-1.1/wavs/LJ002-0043.wav,long narrow rooms 136 feet 623 feet and the 8th 18,0.4545454545454545,long narrow rooms one 36 feet 6 23 feet and the 8 18,-8.394871711730957,7750.65625,-74028.703125,81779.359375
/fastdata/acq22mc/data/LJSpeech-1.1/wavs/LJ002-0043.wav,long narrow rooms 136 feet 623 feet and the 8th 18,0.3636363636363636,long narrow rooms one.36 feet 6.23 feet and the 8.18,-8.595589637756348,7112.3828125,-73967.2734375,81079.65625
/fastdata/acq22mc/data/LJSpeech-1.1/wavs/LJ002-0043.wav,long narrow rooms 136 feet 623 feet and the 8th 18,0.5454545454545454,long narrow rooms one 36 ft 6 23 ft and the 8th 18,-8.610127449035645,7499.7265625,-73964.3046875,81464.03125
/fastdata/acq22mc/data/LJSpeech-1.1/wavs/LJ002-0043.wav,long narrow rooms 136 feet 623 feet and the 8th 18,0.4545454545454545,long narrow rooms one 36 feet 6 23 feet and the 8th 18th,-8.984161376953125,7655.1875,-74049.984375,81705.171875
/fastdata/acq22mc/data/LJSpeech-1.1/wavs/LJ002-0043.wav,long narrow rooms 136 feet 623 feet and the 8th 18,0.0909090909090909,long narrow rooms 136 feet 623 feet and the 8th,-9.533453941345217,6959.109375,-73995.6171875,80954.7265625
/fastdata/acq22mc/data/LJSpeech-1.1/wavs/LJ009-0076.wav,we come to the sermon,0.0,we come to the sermon,-5.485053062438965,1682.6533203125,-13639.0595703125,15321.712890625
/fastdata/acq22mc/data/LJSpeech-1.1/wavs/LJ017-0131.wav,even when the high sheriff had told him there was no possibility of a reprieve and within a few hours of execution,0.0,even when the high sheriff had told him there was no possibility of a reprieve and within a few hours of execution,-5.668371200561523,11256.8359375,-69590.890625,80847.7265625
/fastdata/acq22mc/data/LJSpeech-1.1/wavs/LJ046-0184.wav,but there is a system for the immediate notification of the secret service by the confining institution when a subject is released or escapes,0.0,but there is a system for the immediate notification of the secret service by the confining institution when a subject is released or escapes,-7.728837966918945,10972.1015625,-93557.28125,104529.3828125
/fastdata/acq22mc/data/LJSpeech-1.1/wavs/LJ014-0263.wav,when other pleasures palled he took a theater and posed as a munificent patron of the dramatic art,0.0555555555555555,when other pleasures pauled he took a theater and posed as a munificent patron of the dramatic art,-9.43903636932373,8587.15625,-63191.7109375,71778.8671875
/fastdata/acq22mc/data/LJSpeech-1.1/wavs/LJ014-0263.wav,when other pleasures palled he took a theater and posed as a munificent patron of the dramatic art,0.1111111111111111,when other pleasures pauled he took a theater and posed as a magnificent patron of the dramatic art,-10.858176231384276,8279.375,-63285.59375,71564.96875
/fastdata/acq22mc/data/LJSpeech-1.1/wavs/LJ042-0096.wav,in addition to his factory salary of approximately equal amount,0.5,old exchange rate in addition to his factory salary of a proximately equal amount,-6.141488075256348,6430.0859375,-61583.25,68013.3359375
/fastdata/acq22mc/data/LJSpeech-1.1/wavs/LJ042-0096.wav,in addition to his factory salary of approximately equal amount,0.3,old exchange rate in addition to his factory salary of approximately equal amount,-6.410191059112549,6646.11328125,-61499.22265625,68145.3359375
/fastdata/acq22mc/data/LJSpeech-1.1/wavs/LJ042-0096.wav,in addition to his factory salary of approximately equal amount,0.4,old exchange rate in addition to his factory salary of a approximately equal amount,-7.117429256439209,7273.20703125,-61567.72265625,68840.9296875
/fastdata/acq22mc/data/LJSpeech-1.1/wavs/LJ042-0096.wav,in addition to his factory salary of approximately equal amount,0.4,old exchange rate in addition to his factory salary of approximately equal,-7.258739948272705,6651.41015625,-61497.55859375,68148.96875
/fastdata/acq22mc/data/LJSpeech-1.1/wavs/LJ049-0050.wav,hill had both feet on the car and was climbing aboard to assist president and missus kennedy,0.1176470588235294,hill had both feet on the car and was climbing a board to assist president and missus kennedy,-7.320030689239502,6705.96875,-59278.296875,65984.265625
/fastdata/acq22mc/data/LJSpeech-1.1/wavs/LJ049-0050.wav,hill had both feet on the car and was climbing aboard to assist president and missus kennedy,0.0,hill had both feet on the car and was climbing aboard to assist president and missus kennedy,-9.000307083129883,6697.14453125,-59253.26171875,65950.40625
/fastdata/acq22mc/data/LJSpeech-1.1/wavs/LJ028-0307.wav,then let 20 days pass and at the end of that time station near the chaldasan gates a body of 4000,0.0476190476190476,then let 20 days pass and at the end of that time station near the chaldean gates a body of 4000,-10.971587181091309,9717.0703125,-86766.6015625,96483.671875
/fastdata/acq22mc/data/LJSpeech-1.1/wavs/LJ028-0307.wav,then let 20 days pass and at the end of that time station near the chaldasan gates a body of 4000,0.0952380952380952,then let 20 days pass and at the end of that time station near the childie and gates a body of 4000,-18.62121963500977,9888.7734375,-86714.5703125,96603.34375
/fastdata/acq22mc/data/LJSpeech-1.1/wavs/LJ028-0307.wav,then let 20 days pass and at the end of that time station near the chaldasan gates a body of 4000,0.0952380952380952,then let 20 days pass and at the end of that time station near the chaldean gates a body of 4000 .,-18.674713134765625,10031.765625,-86757.625,96789.390625
/fastdata/acq22mc/data/LJSpeech-1.1/wavs/LJ028-0307.wav,then let 20 days pass and at the end of that time station near the chaldasan gates a body of 4000,0.0952380952380952,then let 20 days pass and at the end of that time station near the chaldean gates a body of 4000%,-19.034088134765625,10074.328125,-86719.828125,96794.15625
/fastdata/acq22mc/data/LJSpeech-1.1/wavs/LJ012-0235.wav,while they were in a state of insensibility the murder was committed,0.1666666666666666,while they were in a state of incense ability the murder was committed,-6.265491485595703,6971.6640625,-41978.59765625,48950.26171875
/fastdata/acq22mc/data/LJSpeech-1.1/wavs/LJ012-0235.wav,while they were in a state of insensibility the murder was committed,0.0833333333333333,while they were in a state of insensibility the murder was commited,-8.752881050109863,6773.0234375,-41996.2109375,48769.234375
/fastdata/acq22mc/data/LJSpeech-1.1/wavs/LJ012-0235.wav,while they were in a state of insensibility the murder was committed,0.0833333333333333,while they were in a state of insensitivity the murder was committed,-9.924785614013672,6494.30078125,-42024.71875,48519.01953125
/fastdata/acq22mc/data/LJSpeech-1.1/wavs/LJ012-0235.wav,while they were in a state of insensibility the murder was committed,0.0,while they were in a state of insensibility the murder was committed,-11.006355285644531,6443.80859375,-41978.5703125,48422.37890625
/fastdata/acq22mc/data/LJSpeech-1.1/wavs/LJ034-0053.wav,reached the same conclusion as latona that the prints found on the cartons were those of lee harvey oswald,0.0,reached the same conclusion as latona that the prints found on the cartons were those of lee harvey oswald,-7.319291114807129,8438.953125,-65345.53125,73784.484375
/fastdata/acq22mc/data/LJSpeech-1.1/wavs/LJ034-0053.wav,reached the same conclusion as latona that the prints found on the cartons were those of lee harvey oswald,0.0526315789473684,reached the same conclusion as latona that the prince found on the cartons were those of lee harvey oswald,-7.333087921142578,9004.58984375,-65329.37109375,74333.9609375
/fastdata/acq22mc/data/LJSpeech-1.1/wavs/LJ014-0030.wav,these were damnatory facts which well supported the prosecution,0.2222222222222222,these were damn natory facts which well supported the prosecution,-6.164005756378174,6124.3359375,-41196.26171875,47320.59765625
/fastdata/acq22mc/data/LJSpeech-1.1/wavs/LJ014-0030.wav,these were damnatory facts which well supported the prosecution,0.2222222222222222,these were damn neatory facts which well supported the prosecution,-6.289726734161377,6103.19921875,-41206.65625,47309.85546875
/fastdata/acq22mc/data/LJSpeech-1.1/wavs/LJ014-0030.wav,these were damnatory facts which well supported the prosecution,0.2222222222222222,these were damn notory facts which well supported the prosecution,-6.7202582359313965,6083.34375,-41234.7421875,47318.0859375
/fastdata/acq22mc/data/LJSpeech-1.1/wavs/LJ014-0030.wav,these were damnatory facts which well supported the prosecution,0.0,these were damnatory facts which well supported the prosecution,-7.482205867767334,5728.02734375,-41178.6796875,46906.70703125
/fastdata/acq22mc/data/LJSpeech-1.1/wavs/LJ014-0030.wav,these were damnatory facts which well supported the prosecution,0.2222222222222222,these were damn tatory facts which well supported the prosecution,-7.493547439575195,5693.0,-41215.34375,46908.34375
/fastdata/acq22mc/data/LJSpeech-1.1/wavs/LJ014-0030.wav,these were damnatory facts which well supported the prosecution,0.1111111111111111,these were damnnatory facts which well supported the prosecution,-8.41791820526123,5805.390625,-41167.1796875,46972.5703125
/fastdata/acq22mc/data/LJSpeech-1.1/wavs/LJ015-0203.wav,but were the precautions too minute the vigilance too close to be eluded or overcome,0.2,but were the precautions to my newt the vigilance too close to be eluded or overcome,-5.875859260559082,7359.4453125,-60031.84375,67391.2890625
/fastdata/acq22mc/data/LJSpeech-1.1/wavs/LJ015-0203.wav,but were the precautions too minute the vigilance too close to be eluded or overcome,0.2,but were the precautions to my nute the vigilance too close to be eluded or overcome,-6.941538333892822,7750.15625,-60005.9375,67756.09375
/fastdata/acq22mc/data/LJSpeech-1.1/wavs/LJ015-0203.wav,but were the precautions too minute the vigilance too close to be eluded or overcome,0.2,but were the precautions to my mute the vigilance too close to be eluded or overcome,-8.99972915649414,7551.484375,-60010.765625,67562.25
/fastdata/acq22mc/data/LJSpeech-1.1/wavs/LJ028-0093.wav,but his scribe wrote it in the manner customary for the scribes of those days to write of their royal masters,0.0,but his scribe wrote it in the manner customary for the scribes of those days to write of their royal masters,-8.527294158935547,8654.9765625,-67326.65625,75981.6328125
/fastdata/acq22mc/data/LJSpeech-1.1/wavs/LJ002-0018.wav,the inadequacy of the jail was noticed and reported upon again and again by the grand juries of the city of london,0.0,the inadequacy of the jail was noticed and reported upon again and again by the grand juries of the city of london,-7.718414306640625,9490.78125,-69677.046875,79167.828125
/fastdata/acq22mc/data/LJSpeech-1.1/wavs/LJ028-0275.wav,at last in the 20th month,0.0,at last in the 20th month,-6.4629011154174805,2159.921875,-18644.185546875,20804.107421875
/fastdata/acq22mc/data/LJSpeech-1.1/wavs/LJ028-0275.wav,at last in the 20th month,0.1666666666666666,at last in the 20th month .,-8.785529136657715,2320.48046875,-18697.845703125,21018.326171875
/fastdata/acq22mc/data/LJSpeech-1.1/wavs/LJ011-0096.wav,he married a lady also belonging to the society of friends who brought him a large fortune which and his own money he put into a city firm,0.0,he married a lady also belonging to the society of friends who brought him a large fortune which and his own money he put into a city firm,-14.430665969848633,10432.4609375,-88821.3125,99253.7734375
/fastdata/acq22mc/data/LJSpeech-1.1/wavs/LJ011-0096.wav,he married a lady also belonging to the society of friends who brought him a large fortune which and his own money he put into a city firm,0.0357142857142857,he married a lady also belonging to the society of friends who brought him a large fortune which in his own money he put into a city firm,-15.541426658630373,10409.4453125,-88800.7421875,99210.1875
/fastdata/acq22mc/data/LJSpeech-1.1/wavs/LJ036-0077.wav,roger d craig a deputy sheriff of dallas county,0.0,roger d craig a deputy sheriff of dallas county,-8.087346076965332,5870.8515625,-41677.07421875,47547.92578125
/fastdata/acq22mc/data/LJSpeech-1.1/wavs/LJ016-0318.wav,other officials great lawyers governors of prisons and chaplains supported this view,0.0,other officials great lawyers governors of prisons and chaplains supported this view,-6.68966817855835,5528.984375,-57068.48046875,62597.46484375
/fastdata/acq22mc/data/LJSpeech-1.1/wavs/LJ016-0318.wav,other officials great lawyers governors of prisons and chaplains supported this view,0.1666666666666666,on the officials great lawyers governors of prisons and chaplains supported this view,-7.155882835388184,5454.53515625,-57096.9453125,62551.48046875
/fastdata/acq22mc/data/LJSpeech-1.1/wavs/LJ016-0318.wav,other officials great lawyers governors of prisons and chaplains supported this view,0.25,on the refitials great lawyers governors of prisons and chaplains supported this view,-7.378860950469971,5648.53515625,-57077.703125,62726.23828125
/fastdata/acq22mc/data/LJSpeech-1.1/wavs/LJ016-0318.wav,other officials great lawyers governors of prisons and chaplains supported this view,0.25,on the reficials great lawyers governors of prisons and chaplains supported this view,-7.405510425567627,5756.296875,-57091.54296875,62847.83984375
/fastdata/acq22mc/data/LJSpeech-1.1/wavs/LJ013-0164.wav,who came from his room ready dressed a suspicious circumstance as he was always late in the morning,0.0,who came from his room ready dressed a suspicious circumstance as he was always late in the morning,-5.2885284423828125,7085.75,-63813.9375,70899.6875
/fastdata/acq22mc/data/LJSpeech-1.1/wavs/LJ027-0141.wav,is closely reproduced in the life history of existing deer or in other words,0.0,is closely reproduced in the life history of existing deer or in other words,-9.215072631835938,5708.4375,-55743.98046875,61452.41796875
/fastdata/acq22mc/data/LJSpeech-1.1/wavs/LJ028-0335.wav,accordingly they committed to him the command of their whole army and put the keys of their city into his hands,0.0,accordingly they committed to him the command of their whole army and put the keys of their city into his hands,-14.377887725830078,10214.2421875,-75024.609375,85238.8515625
/fastdata/acq22mc/data/LJSpeech-1.1/wavs/LJ031-0202.wav,missus kennedy chose the hospital in bethesda for the autopsy because the president had served in the navy,0.0,missus kennedy chose the hospital in bethesda for the autopsy because the president had served in the navy,-8.457595825195312,7739.35546875,-64225.84765625,71965.203125
/fastdata/acq22mc/data/LJSpeech-1.1/wavs/LJ021-0145.wav,from those willing to join in establishing this hoped for period of peace,0.0,from those willing to join in establishing this hoped for period of peace,-6.62035083770752,7348.578125,-45623.3671875,52971.9453125
/fastdata/acq22mc/data/LJSpeech-1.1/wavs/LJ021-0145.wav,from those willing to join in establishing this hoped for period of peace,0.1538461538461538,from those willing to join in establishing this hope for a period of peace,-8.99824047088623,7894.0078125,-45650.7578125,53544.765625
/fastdata/acq22mc/data/LJSpeech-1.1/wavs/LJ016-0288.wav,muller muller he is the man till a diversion was created by the appearance of the gallows which was received with continuous yells,0.0,muller muller he is the man till a diversion was created by the appearance of the gallows which was received with continuous yells,-12.556334495544434,13490.6015625,-88697.5078125,102188.109375
/fastdata/acq22mc/data/LJSpeech-1.1/wavs/LJ016-0288.wav,muller muller he is the man till a diversion was created by the appearance of the gallows which was received with continuous yells,0.0434782608695652,muller muller he is the man till a diversion was created by the appearance of the gallows which was received with continuous yell,-14.001646995544434,13069.96875,-88691.265625,101761.234375
/fastdata/acq22mc/data/LJSpeech-1.1/wavs/LJ016-0288.wav,muller muller he is the man till a diversion was created by the appearance of the gallows which was received with continuous yells,0.0434782608695652,muller muller he is the man till a diversion was created by the appearance of the gallows which was received with continuous y,-16.11102294921875,13670.0078125,-88709.953125,102379.9609375
/fastdata/acq22mc/data/LJSpeech-1.1/wavs/LJ016-0288.wav,muller muller he is the man till a diversion was created by the appearance of the gallows which was received with continuous yells,0.0869565217391304,muller muller he is the man till a diversion was created by the appearance of the gallows which was received with continuus,-17.127662658691406,12967.7421875,-88606.53125,101574.2734375
/fastdata/acq22mc/data/LJSpeech-1.1/wavs/LJ016-0288.wav,muller muller he is the man till a diversion was created by the appearance of the gallows which was received with continuous yells,0.0869565217391304,muller muller he is the man till a diversion was created by the appearance of the gallows which was received with a continuous,-17.375015258789062,12955.921875,-88675.34375,101631.265625
/fastdata/acq22mc/data/LJSpeech-1.1/wavs/LJ016-0288.wav,muller muller he is the man till a diversion was created by the appearance of the gallows which was received with continuous yells,0.0434782608695652,muller muller he is the man till a diversion was created by the appearance of the gallows which was received with continuous yelled,-17.40008544921875,13802.84375,-88699.890625,102502.734375
/fastdata/acq22mc/data/LJSpeech-1.1/wavs/LJ016-0288.wav,muller muller he is the man till a diversion was created by the appearance of the gallows which was received with continuous yells,0.0434782608695652,muller muller he is the man till a diversion was created by the appearance of the gallows which was received with continuous yields,-17.42352294921875,13333.2578125,-88662.140625,101995.3984375
/fastdata/acq22mc/data/LJSpeech-1.1/wavs/LJ016-0288.wav,muller muller he is the man till a diversion was created by the appearance of the gallows which was received with continuous yells,0.0434782608695652,muller muller he is the man till a diversion was created by the appearance of the gallows which was received with continuous,-17.972929000854492,13175.796875,-88691.3984375,101867.1953125
/fastdata/acq22mc/data/LJSpeech-1.1/wavs/LJ016-0288.wav,muller muller he is the man till a diversion was created by the appearance of the gallows which was received with continuous yells,0.0434782608695652,muller muller he is the man till a diversion was created by the appearance of the gallows which was received with continuous yelling,-18.40789794921875,14172.53125,-88657.515625,102830.046875
/fastdata/acq22mc/data/LJSpeech-1.1/wavs/LJ016-0288.wav,muller muller he is the man till a diversion was created by the appearance of the gallows which was received with continuous yells,0.0434782608695652,muller muller he is the man till a diversion was created by the appearance of the gallows which was received with continuous yellow,-18.42352294921875,13142.0703125,-88796.09375,101938.1640625
/fastdata/acq22mc/data/LJSpeech-1.1/wavs/LJ016-0288.wav,muller muller he is the man till a diversion was created by the appearance of the gallows which was received with continuous yells,0.0434782608695652,muller muller he is the man till a diversion was created by the appearance of the gallows which was received with continuous e,-18.63055419921875,13330.4609375,-88650.65625,101981.1171875
/fastdata/acq22mc/data/LJSpeech-1.1/wavs/LJ016-0288.wav,muller muller he is the man till a diversion was created by the appearance of the gallows which was received with continuous yells,0.0869565217391304,muller muller he is the man till a diversion was created by the appearance of the gallows which was received with continueds,-18.81429481506348,13444.046875,-88672.5859375,102116.6328125
/fastdata/acq22mc/data/LJSpeech-1.1/wavs/LJ016-0288.wav,muller muller he is the man till a diversion was created by the appearance of the gallows which was received with continuous yells,0.0869565217391304,muller muller he is the man till a diversion was created by the appearance of the gallows which was received with continous,-18.99636650085449,13482.9453125,-88723.515625,102206.4609375
/fastdata/acq22mc/data/LJSpeech-1.1/wavs/LJ016-0288.wav,muller muller he is the man till a diversion was created by the appearance of the gallows which was received with continuous yells,0.0434782608695652,muller muller he is the man till a diversion was created by the appearance of the gallows which was received with continuous bells,-19.00164794921875,13427.7265625,-88705.4609375,102133.1875
/fastdata/acq22mc/data/LJSpeech-1.1/wavs/LJ016-0288.wav,muller muller he is the man till a diversion was created by the appearance of the gallows which was received with continuous yells,0.0434782608695652,muller muller he is the man till a diversion was created by the appearance of the gallows which was received with continuous ye,-19.25164794921875,12632.078125,-88704.96875,101337.046875
/fastdata/acq22mc/data/LJSpeech-1.1/wavs/LJ016-0288.wav,muller muller he is the man till a diversion was created by the appearance of the gallows which was received with continuous yells,0.0869565217391304,muller muller he is the man till a diversion was created by the appearance of the gallows which was received with continuance,-19.322975158691406,12748.671875,-88675.296875,101423.96875
/fastdata/acq22mc/data/LJSpeech-1.1/wavs/LJ016-0288.wav,muller muller he is the man till a diversion was created by the appearance of the gallows which was received with continuous yells,0.1304347826086956,mueller mueller he is the man till a diversion was created by the appearance of the gallows which was received with continuous yelles,-19.40223503112793,14015.3515625,-88701.8359375,102717.1875
/fastdata/acq22mc/data/LJSpeech-1.1/wavs/LJ016-0288.wav,muller muller he is the man till a diversion was created by the appearance of the gallows which was received with continuous yells,0.0434782608695652,muller muller he is the man till a diversion was created by the appearance of the gallows which was received with continuous he,-19.48211669921875,13370.8203125,-88711.6875,102082.5078125
/fastdata/acq22mc/data/LJSpeech-1.1/wavs/LJ016-0288.wav,muller muller he is the man till a diversion was created by the appearance of the gallows which was received with continuous yells,0.0434782608695652,muller muller he is the man till a diversion was created by the appearance of the gallows which was received with continuous yale,-19.61102294921875,13628.1875,-88674.453125,102302.640625
/fastdata/acq22mc/data/LJSpeech-1.1/wavs/LJ016-0288.wav,muller muller he is the man till a diversion was created by the appearance of the gallows which was received with continuous yells,0.0434782608695652,muller muller he is the man till a diversion was created by the appearance of the gallows which was received with continuous elves,-19.62664794921875,13565.71875,-88710.90625,102276.625
/fastdata/acq22mc/data/LJSpeech-1.1/wavs/LJ016-0288.wav,muller muller he is the man till a diversion was created by the appearance of the gallows which was received with continuous yells,0.0434782608695652,muller muller he is the man till a diversion was created by the appearance of the gallows which was received with continuous wells,-19.63055419921875,13830.71875,-88672.6875,102503.40625
/fastdata/acq22mc/data/LJSpeech-1.1/wavs/LJ016-0288.wav,muller muller he is the man till a diversion was created by the appearance of the gallows which was received with continuous yells,0.0434782608695652,muller muller he is the man till a diversion was created by the appearance of the gallows which was received with continuous hell,-19.91180419921875,13499.75,-88692.828125,102192.578125
/fastdata/acq22mc/data/LJSpeech-1.1/wavs/LJ016-0288.wav,muller muller he is the man till a diversion was created by the appearance of the gallows which was received with continuous yells,0.0434782608695652,muller muller he is the man till a diversion was created by the appearance of the gallows which was received with continuous young,-20.05633544921875,13824.890625,-88636.9921875,102461.8828125
/fastdata/acq22mc/data/LJSpeech-1.1/wavs/LJ016-0288.wav,muller muller he is the man till a diversion was created by the appearance of the gallows which was received with continuous yells,0.0869565217391304,muller muller he is the man till a diversion was created by the appearance of the gallows which was received with continuas,-20.065162658691406,13455.9921875,-88653.5703125,102109.5625
/fastdata/acq22mc/data/LJSpeech-1.1/wavs/LJ016-0288.wav,muller muller he is the man till a diversion was created by the appearance of the gallows which was received with continuous yells,0.0434782608695652,muller muller he is the man till a diversion was created by the appearance of the gallows which was received with continuous yes,-20.08367919921875,13458.4453125,-88714.921875,102173.3671875
/fastdata/acq22mc/data/LJSpeech-1.1/wavs/LJ016-0288.wav,muller muller he is the man till a diversion was created by the appearance of the gallows which was received with continuous yells,0.0434782608695652,muller muller he is the man till a diversion was created by the appearance of the gallows which was received with continuous heels,-20.09149169921875,13177.625,-88688.96875,101866.59375
/fastdata/acq22mc/data/LJSpeech-1.1/wavs/LJ016-0288.wav,muller muller he is the man till a diversion was created by the appearance of the gallows which was received with continuous yells,0.0434782608695652,muller muller he is the man till a diversion was created by the appearance of the gallows which was received with continuous g,-20.30242919921875,13349.765625,-88757.71875,102107.484375
/fastdata/acq22mc/data/LJSpeech-1.1/wavs/LJ016-0288.wav,muller muller he is the man till a diversion was created by the appearance of the gallows which was received with continuous yells,0.0434782608695652,muller muller he is the man till a diversion was created by the appearance of the gallows which was received with continuous l,-20.31414794921875,13489.2890625,-88680.5625,102169.8515625
/fastdata/acq22mc/data/LJSpeech-1.1/wavs/LJ016-0288.wav,muller muller he is the man till a diversion was created by the appearance of the gallows which was received with continuous yells,0.0869565217391304,muller muller he is the man till a diversion was created by the appearance of the gallows which was received with continued his,-20.41195297241211,12995.7734375,-88699.34375,101695.1171875
/fastdata/acq22mc/data/LJSpeech-1.1/wavs/LJ016-0288.wav,muller muller he is the man till a diversion was created by the appearance of the gallows which was received with continuous yells,0.0434782608695652,muller muller he is the man till a diversion was created by the appearance of the gallows which was received with continuous hills,-20.41961669921875,13797.453125,-88768.984375,102566.4375
/fastdata/acq22mc/data/LJSpeech-1.1/wavs/LJ016-0288.wav,muller muller he is the man till a diversion was created by the appearance of the gallows which was received with continuous yells,0.0434782608695652,muller muller he is the man till a diversion was created by the appearance of the gallows which was received with continuous yield,-20.55633544921875,13268.734375,-88690.4609375,101959.1953125
/fastdata/acq22mc/data/LJSpeech-1.1/wavs/LJ016-0288.wav,muller muller he is the man till a diversion was created by the appearance of the gallows which was received with continuous yells,0.0869565217391304,muller muller he is the man till a diversion was created by the appearance of the gallows which was received with continuis,-20.565162658691406,13586.0625,-88666.9453125,102253.0078125
/fastdata/acq22mc/data/LJSpeech-1.1/wavs/LJ016-0288.wav,muller muller he is the man till a diversion was created by the appearance of the gallows which was received with continuous yells,0.0434782608695652,muller muller he is the man till a diversion was created by the appearance of the gallows which was received with continuous years,-20.72039794921875,13304.1484375,-88726.9921875,102031.140625
/fastdata/acq22mc/data/LJSpeech-1.1/wavs/LJ016-0288.wav,muller muller he is the man till a diversion was created by the appearance of the gallows which was received with continuous yells,0.0434782608695652,muller muller he is the man till a diversion was created by the appearance of the gallows which was received with continuous year,-20.75164794921875,13330.375,-88664.59375,101994.96875
/fastdata/acq22mc/data/LJSpeech-1.1/wavs/LJ016-0288.wav,muller muller he is the man till a diversion was created by the appearance of the gallows which was received with continuous yells,0.0869565217391304,muller muller he is the man till a diversion was created by the appearance of the gallows which was received with continued y,-20.75570297241211,13384.75,-88670.2734375,102055.0234375
/fastdata/acq22mc/data/LJSpeech-1.1/wavs/LJ016-0288.wav,muller muller he is the man till a diversion was created by the appearance of the gallows which was received with continuous yells,0.0434782608695652,muller muller he is the man till a diversion was created by the appearance of the gallows which was received with continuous z,-20.86102294921875,13551.3984375,-88660.4296875,102211.828125
/fastdata/acq22mc/data/LJSpeech-1.1/wavs/LJ016-0288.wav,muller muller he is the man till a diversion was created by the appearance of the gallows which was received with continuous yells,0.0434782608695652,muller muller he is the man till a diversion was created by the appearance of the gallows which was received with continued yells,-20.86117172241211,13316.28125,-88667.21875,101983.5
/fastdata/acq22mc/data/LJSpeech-1.1/wavs/LJ016-0288.wav,muller muller he is the man till a diversion was created by the appearance of the gallows which was received with continuous yells,0.0434782608695652,muller muller he is the man till a diversion was created by the appearance of the gallows which was received with continuous shells,-20.91961669921875,13351.7734375,-88674.5625,102026.3359375
/fastdata/acq22mc/data/LJSpeech-1.1/wavs/LJ016-0288.wav,muller muller he is the man till a diversion was created by the appearance of the gallows which was received with continuous yells,0.0434782608695652,muller muller he is the man till a diversion was created by the appearance of the gallows which was received with continuous el,-20.95086669921875,13957.890625,-88676.75,102634.640625
/fastdata/acq22mc/data/LJSpeech-1.1/wavs/LJ016-0288.wav,muller muller he is the man till a diversion was created by the appearance of the gallows which was received with continuous yells,0.0869565217391304,muller muller he is the man till a diversion was created by the appearance of the gallows which was received with continious,-21.15261650085449,13106.84375,-88691.8671875,101798.7109375
/fastdata/acq22mc/data/LJSpeech-1.1/wavs/LJ016-0288.wav,muller muller he is the man till a diversion was created by the appearance of the gallows which was received with continuous yells,0.0869565217391304,muller muller he is the man till a diversion was created by the appearance of the gallows which was received with continuos,-21.205787658691406,13753.53125,-88641.40625,102394.9375
/fastdata/acq22mc/data/LJSpeech-1.1/wavs/LJ016-0288.wav,muller muller he is the man till a diversion was created by the appearance of the gallows which was received with continuous yells,0.0434782608695652,muller muller he is the man till a diversion was created by the appearance of the gallows which was received with continuous use,-21.23992919921875,13373.2109375,-88698.0078125,102071.21875
/fastdata/acq22mc/data/LJSpeech-1.1/wavs/LJ016-0288.wav,muller muller he is the man till a diversion was created by the appearance of the gallows which was received with continuous yells,0.0434782608695652,muller muller he is the man till a diversion was created by the appearance of the gallows which was received with continuous yeast,-21.23992919921875,13254.796875,-88734.125,101988.921875
/fastdata/acq22mc/data/LJSpeech-1.1/wavs/LJ016-0288.wav,muller muller he is the man till a diversion was created by the appearance of the gallows which was received with continuous yells,0.0434782608695652,muller muller he is the man till a diversion was created by the appearance of the gallows which was received with continuous ve,-21.39227294921875,13635.703125,-88663.5390625,102299.2421875
/fastdata/acq22mc/data/LJSpeech-1.1/wavs/LJ016-0288.wav,muller muller he is the man till a diversion was created by the appearance of the gallows which was received with continuous yells,0.0434782608695652,muller muller he is the man till a diversion was created by the appearance of the gallows which was received with continuous re,-21.44696044921875,13656.9140625,-88759.609375,102416.5234375
/fastdata/acq22mc/data/LJSpeech-1.1/wavs/LJ016-0288.wav,muller muller he is the man till a diversion was created by the appearance of the gallows which was received with continuous yells,0.0434782608695652,muller muller he is the man till a diversion was created by the appearance of the gallows which was received with continuous health,-21.48602294921875,13353.9453125,-88724.515625,102078.4609375
/fastdata/acq22mc/data/LJSpeech-1.1/wavs/LJ016-0288.wav,muller muller he is the man till a diversion was created by the appearance of the gallows which was received with continuous yells,0.0869565217391304,muller muller he is the man till a diversion was created by the appearance of the gallows which was received with continu,-21.48855400085449,13428.15625,-88676.3828125,102104.5390625
/fastdata/acq22mc/data/LJSpeech-1.1/wavs/LJ016-0288.wav,muller muller he is the man till a diversion was created by the appearance of the gallows which was received with continuous yells,0.0869565217391304,muller muller he is the man till a diversion was created by the appearance of the gallows which was received with continuuous,-21.541725158691406,13375.09375,-88677.0390625,102052.1328125
/fastdata/acq22mc/data/LJSpeech-1.1/wavs/LJ016-0288.wav,muller muller he is the man till a diversion was created by the appearance of the gallows which was received with continuous yells,0.0869565217391304,muller muller he is the man till a diversion was created by the appearance of the gallows which was received with continued s,-21.57210922241211,13212.5,-88759.71875,101972.21875
/fastdata/acq22mc/data/LJSpeech-1.1/wavs/LJ028-0081.wav,years later when the archeologists could readily distinguish the false from the true,0.0,years later when the archeologists could readily distinguish the false from the true,-5.916189193725586,6315.53515625,-48802.9609375,55118.49609375
/fastdata/acq22mc/data/LJSpeech-1.1/wavs/LJ028-0081.wav,years later when the archeologists could readily distinguish the false from the true,0.0769230769230769,years later when the archiologists could readily distinguish the false from the true,-8.563814163208008,6406.01953125,-48817.3671875,55223.38671875
/fastdata/acq22mc/data/LJSpeech-1.1/wavs/LJ028-0081.wav,years later when the archeologists could readily distinguish the false from the true,0.0769230769230769,years later when the archeologists could readily distinguish the false from the true .,-9.009939193725586,6146.6953125,-48829.375,54976.0703125
/fastdata/acq22mc/data/LJSpeech-1.1/wavs/LJ018-0081.wav,his defense being that he had intended to commit suicide but that on the appearance of this officer who had wronged him,0.0,his defense being that he had intended to commit suicide but that on the appearance of this officer who had wronged him,-6.67354154586792,12273.2421875,-69106.28125,81379.5234375
/fastdata/acq22mc/data/LJSpeech-1.1/wavs/LJ021-0066.wav,together with a great increase in the payrolls there has come a substantial rise in the total of industrial profits,0.0,together with a great increase in the payrolls there has come a substantial rise in the total of industrial profits,-6.173567295074463,8798.2890625,-73236.796875,82035.0859375
/fastdata/acq22mc/data/LJSpeech-1.1/wavs/LJ009-0238.wav,after this the sheriffs sent for another rope but the spectators interfered and the man was carried back to jail,0.0,after this the sheriffs sent for another rope but the spectators interfered and the man was carried back to jail,-8.823440551757812,8568.1328125,-72515.921875,81084.0546875
/fastdata/acq22mc/data/LJSpeech-1.1/wavs/LJ005-0079.wav,and improve the morals of the prisoners and shall insure the proper measure of punishment to convicted offenders,0.0555555555555555,and improve the morals of the prisoners and shall ensure the proper measure of punishment to convicted offenders,-12.458580017089844,7433.9140625,-65042.3203125,72476.234375
/fastdata/acq22mc/data/LJSpeech-1.1/wavs/LJ035-0019.wav,drove to the northwest corner of elm and houston and parked approximately 10 feet from the traffic signal,0.1111111111111111,drove to the north west corner of elm and houston and parked approximately 10 feet from the traffic signal,-7.375330924987793,5941.85546875,-63008.35546875,68950.2109375
/fastdata/acq22mc/data/LJSpeech-1.1/wavs/LJ035-0019.wav,drove to the northwest corner of elm and houston and parked approximately 10 feet from the traffic signal,0.1111111111111111,drove to the northwest corner of elment houston and parked approximately 10 feet from the traffic signal,-8.696638107299805,6330.609375,-63026.2265625,69356.8359375
/fastdata/acq22mc/data/LJSpeech-1.1/wavs/LJ035-0019.wav,drove to the northwest corner of elm and houston and parked approximately 10 feet from the traffic signal,0.0,drove to the northwest corner of elm and houston and parked approximately 10 feet from the traffic signal,-9.516180992126465,6341.71875,-63049.921875,69391.640625
/fastdata/acq22mc/data/LJSpeech-1.1/wavs/LJ035-0019.wav,drove to the northwest corner of elm and houston and parked approximately 10 feet from the traffic signal,0.1111111111111111,drove to the northwest corner of elmond houston and parked approximately 10 feet from the traffic signal,-10.010820388793944,6460.16015625,-63026.53515625,69486.6953125
/fastdata/acq22mc/data/LJSpeech-1.1/wavs/LJ036-0174.wav,this is the approximate time he entered the roominghouse according to earlene roberts the housekeeper there,0.1875,this is the approximate time he entered the rooming house according to erlein roberts the housekeeper there,-11.164676666259766,10090.10546875,-62054.82421875,72144.9296875
/fastdata/acq22mc/data/LJSpeech-1.1/wavs/LJ036-0174.wav,this is the approximate time he entered the roominghouse according to earlene roberts the housekeeper there,0.1875,this is the approximate time he entered the rooming house according to erleen roberts the housekeeper there,-11.659238815307615,9999.78125,-62043.9296875,72043.7109375
/fastdata/acq22mc/data/LJSpeech-1.1/wavs/LJ036-0174.wav,this is the approximate time he entered the roominghouse according to earlene roberts the housekeeper there,0.1875,this is the approximate time he entered the rooming house according to ehrlene roberts the housekeeper there,-11.694908142089844,10016.47265625,-62017.01953125,72033.4921875
/fastdata/acq22mc/data/LJSpeech-1.1/wavs/LJ036-0174.wav,this is the approximate time he entered the roominghouse according to earlene roberts the housekeeper there,0.1875,this is the approximate time he entered the roaming house according to erlein roberts the housekeeper there,-12.424020767211914,9947.984375,-62027.1015625,71975.0859375
/fastdata/acq22mc/data/LJSpeech-1.1/wavs/LJ046-0146.wav,the criteria in effect prior to november 221963 for determining whether to accept material for the prs general files,0.1052631578947368,the criteria in effect prior to november 22 1963 for determining whether to accept material for the prs general files,-8.23320198059082,16389.328125,-92699.09375,109088.421875
/fastdata/acq22mc/data/LJSpeech-1.1/wavs/LJ046-0146.wav,the criteria in effect prior to november 221963 for determining whether to accept material for the prs general files,0.1578947368421052,the criteria in effect prior to november 22 1963 for determining whether to accept material for the prs general files .,-13.133562088012695,16172.328125,-92721.71875,108894.046875
/fastdata/acq22mc/data/LJSpeech-1.1/wavs/LJ017-0044.wav,and the deepest anxiety was felt that the crime if crime there had been should be brought home to its perpetrator,0.0,and the deepest anxiety was felt that the crime if crime there had been should be brought home to its perpetrator,-8.074576377868652,9133.4140625,-68804.2265625,77937.640625
/fastdata/acq22mc/data/LJSpeech-1.1/wavs/LJ017-0070.wav,but his sporting operations did not prosper and he became a needy man always driven to desperate straits for cash,0.0,but his sporting operations did not prosper and he became a needy man always driven to desperate straits for cash,-12.770009994506836,11264.5859375,-78031.0703125,89295.65625
/fastdata/acq22mc/data/LJSpeech-1.1/wavs/LJ017-0070.wav,but his sporting operations did not prosper and he became a needy man always driven to desperate straits for cash,0.05,but his sporting operations did not prosper and he became a needy man always driven to desperate straights for cash,-16.331989288330078,11752.1796875,-78026.28125,89778.4609375
/fastdata/acq22mc/data/LJSpeech-1.1/wavs/LJ016-0020.wav,he never reached the cistern but fell back into the yard injuring his legs severely,0.0666666666666666,he never reached the cistern but felt back into the yard injuring his legs severely,-5.797179222106934,7903.8359375,-53193.6875,61097.5234375
/fastdata/acq22mc/data/LJSpeech-1.1/wavs/LJ016-0020.wav,he never reached the cistern but fell back into the yard injuring his legs severely,0.0,he never reached the cistern but fell back into the yard injuring his legs severely,-6.312217712402344,7767.7734375,-53200.60546875,60968.37890625
/fastdata/acq22mc/data/LJSpeech-1.1/wavs/LJ045-0230.wav,when he was finally apprehended in the texas theater although it is not fully corroborated by others who were present,0.0,when he was finally apprehended in the texas theater although it is not fully corroborated by others who were present,-12.973356246948242,11249.7578125,-69537.3515625,80787.109375
/fastdata/acq22mc/data/LJSpeech-1.1/wavs/LJ035-0129.wav,and she must have run down the stairs ahead of oswald and would probably have seen or heard him,0.1052631578947368,and she must have run down the stairs a head of oswald and would probably have seen or heard him,-6.333892822265625,7509.57421875,-51338.2578125,58847.83203125
/fastdata/acq22mc/data/LJSpeech-1.1/wavs/LJ035-0129.wav,and she must have run down the stairs ahead of oswald and would probably have seen or heard him,0.0,and she must have run down the stairs ahead of oswald and would probably have seen or heard him,-13.156429290771484,7622.421875,-51331.75,58954.171875
/fastdata/acq22mc/data/LJSpeech-1.1/wavs/LJ035-0129.wav,and she must have run down the stairs ahead of oswald and would probably have seen or heard him,0.1578947368421052,and she must have run down the stairs a head of oswald and would probably have seen or heard him .,-13.853428840637209,7973.0390625,-51328.9921875,59302.03125
/fastdata/acq22mc/data/LJSpeech-1.1/wavs/LJ035-0129.wav,and she must have run down the stairs ahead of oswald and would probably have seen or heard him,0.1578947368421052,and she must have run down the stairs a head of oswald and would probably have seen or heard him ..,-14.228428840637209,7368.078125,-51386.78515625,58754.86328125
/fastdata/acq22mc/data/LJSpeech-1.1/wavs/LJ008-0307.wav,afterwards express a wish to murder the recorder for having kept them so long in suspense,0.0,afterwards express a wish to murder the recorder for having kept them so long in suspense,-5.152566432952881,6603.8046875,-62491.6484375,69095.453125
/fastdata/acq22mc/data/LJSpeech-1.1/wavs/LJ008-0307.wav,afterwards express a wish to murder the recorder for having kept them so long in suspense,0.0625,afterwards express and wish to murder the recorder for having kept them so long in suspense,-6.544750690460205,6842.60546875,-62505.69140625,69348.296875
/fastdata/acq22mc/data/LJSpeech-1.1/wavs/LJ008-0307.wav,afterwards express a wish to murder the recorder for having kept them so long in suspense,0.0625,afterwards express a wish to murder the recorder for having kept them so long and suspense,-7.200133800506592,6960.703125,-62465.8203125,69426.5234375
/fastdata/acq22mc/data/LJSpeech-1.1/wavs/LJ008-0294.wav,nearly indefinitely deferred,0.0,nearly indefinitely deferred,-9.13917350769043,2823.525390625,-20885.798828125,23709.32421875
/fastdata/acq22mc/data/LJSpeech-1.1/wavs/LJ047-0148.wav,on october 25,0.3333333333333333,on october 25th,-10.78622341156006,2931.896484375,-16446.849609375,19378.74609375
/fastdata/acq22mc/data/LJSpeech-1.1/wavs/LJ047-0148.wav,on october 25,0.3333333333333333,on oct 25,-15.047372817993164,2805.72265625,-16436.20703125,19241.9296875
/fastdata/acq22mc/data/LJSpeech-1.1/wavs/LJ008-0111.wav,they entered a stone cold room and were presently joined by the prisoner,0.0,they entered a stone cold room and were presently joined by the prisoner,-4.671417713165283,5975.80859375,-42954.390625,48930.19921875
/fastdata/acq22mc/data/LJSpeech-1.1/wavs/LJ008-0111.wav,they entered a stone cold room and were presently joined by the prisoner,0.1538461538461538,they entered a stone cold room and were presently joined to buy the prisoner,-8.538002014160156,6113.75,-42930.90625,49044.65625
/fastdata/acq22mc/data/LJSpeech-1.1/wavs/LJ034-0042.wav,that he could only testify with certainty that the print was less than 3 days old,0.0,that he could only testify with certainty that the print was less than 3 days old,-5.400101661682129,7829.01953125,-48889.0625,56718.08203125
/fastdata/acq22mc/data/LJSpeech-1.1/wavs/LJ037-0234.wav,missus mary brock the wife of a mechanic who worked at the station was there at the time and she saw a white male,0.0,missus mary brock the wife of a mechanic who worked at the station was there at the time and she saw a white male,-7.583251476287842,11979.375,-75904.8359375,87884.2109375
/fastdata/acq22mc/data/LJSpeech-1.1/wavs/LJ037-0234.wav,missus mary brock the wife of a mechanic who worked at the station was there at the time and she saw a white male,0.0416666666666666,missus mary brock the wife of a mechanic who worked at the station was there at the time and she saw a white male .,-13.91575050354004,11816.421875,-75893.6484375,87710.0703125
/fastdata/acq22mc/data/LJSpeech-1.1/wavs/LJ040-0002.wav,chapter 7 lee harvey oswald background and possible motives part one,0.0,chapter 7 lee harvey oswald background and possible motives part one,-11.811305046081545,6324.109375,-61136.015625,67460.125
/fastdata/acq22mc/data/LJSpeech-1.1/wavs/LJ045-0140.wav,the arguments he used to justify his use of the alias suggest that oswald may have come to think that the whole world was becoming involved,0.0,the arguments he used to justify his use of the alias suggest that oswald may have come to think that the whole world was becoming involved,-8.779211044311523,11698.8125,-89589.046875,101287.859375
/fastdata/acq22mc/data/LJSpeech-1.1/wavs/LJ045-0140.wav,the arguments he used to justify his use of the alias suggest that oswald may have come to think that the whole world was becoming involved,0.0384615384615384,the arguments he used to justify his use of the alias suggests that oswald may have come to think that the whole world was becoming involved,-9.303688049316406,11493.5390625,-89542.9296875,101036.46875
/fastdata/acq22mc/data/LJSpeech-1.1/wavs/LJ012-0035.wav,the number and names on watches were carefully removed or obliterated after the goods passed out of his hands,0.0,the number and names on watches were carefully removed or obliterated after the goods passed out of his hands,-8.305394172668457,9020.28125,-69023.984375,78044.265625
/fastdata/acq22mc/data/LJSpeech-1.1/wavs/LJ012-0250.wav,on the 7th july 1837,0.2,on the 7th of july 1837,-2.5461573600769043,3132.810546875,-26060.75390625,29193.564453125
/fastdata/acq22mc/data/LJSpeech-1.1/wavs/LJ012-0250.wav,on the 7th july 1837,0.0,on the 7th july 1837,-3.817988872528076,3012.07421875,-26083.87890625,29095.953125
/fastdata/acq22mc/data/LJSpeech-1.1/wavs/LJ012-0250.wav,on the 7th july 1837,0.4,on the 7th of july 1837 .,-5.757094860076904,3058.015625,-26060.732421875,29118.748046875
/fastdata/acq22mc/data/LJSpeech-1.1/wavs/LJ012-0250.wav,on the 7th july 1837,0.4,on the 7th of july 18th,-6.05401611328125,2593.623046875,-26119.052734375,28712.67578125
/fastdata/acq22mc/data/LJSpeech-1.1/wavs/LJ012-0250.wav,on the 7th july 1837,0.4,on the 7th july 18th 37,-6.096342086791992,2919.857421875,-26097.7265625,29017.583984375
/fastdata/acq22mc/data/LJSpeech-1.1/wavs/LJ012-0250.wav,on the 7th july 1837,0.6,on the 7th of july 18 37,-6.704483509063721,3136.544921875,-26064.857421875,29201.40234375
/fastdata/acq22mc/data/LJSpeech-1.1/wavs/LJ012-0250.wav,on the 7th july 1837,0.4,on the 7th july 18 37,-7.218259811401367,3064.361328125,-26089.05859375,29153.419921875
/fastdata/acq22mc/data/LJSpeech-1.1/wavs/LJ016-0179.wav,contracted with sheriffs and conveners to work by the job,0.0,contracted with sheriffs and conveners to work by the job,-6.179445743560791,5253.11328125,-35036.484375,40289.59765625
/fastdata/acq22mc/data/LJSpeech-1.1/wavs/LJ016-0138.wav,at a distance from the prison,0.0,at a distance from the prison,-8.948141098022461,1293.8984375,-17313.51953125,18607.41796875
/fastdata/acq22mc/data/LJSpeech-1.1/wavs/LJ016-0138.wav,at a distance from the prison,0.1666666666666666,add a distance from the prison,-11.023042678833008,1383.009765625,-17299.6484375,18682.658203125
/fastdata/acq22mc/data/LJSpeech-1.1/wavs/LJ027-0052.wav,these principles of homology are essential to a correct interpretation of the facts of morphology,0.0,these principles of homology are essential to a correct interpretation of the facts of morphology,-5.422882080078125,6965.984375,-65908.3984375,72874.3828125
/fastdata/acq22mc/data/LJSpeech-1.1/wavs/LJ031-0134.wav,on one occasion missus johnson accompanied by 2 secret service agents left the room to see missus kennedy and missus connally,0.1428571428571428,on one occasion missus johnson a company by 2 secret service agents left the room to see missus kennedy and missus connolly,-9.109379768371582,10735.7890625,-81193.6171875,91929.40625
/fastdata/acq22mc/data/LJSpeech-1.1/wavs/LJ031-0134.wav,on one occasion missus johnson accompanied by 2 secret service agents left the room to see missus kennedy and missus connally,0.1428571428571428,on one occasion missus johnson a company by 2 secret service agents left the room to see missus kennedy and missus connelly,-10.62806510925293,10299.84375,-81291.265625,91591.109375
/fastdata/acq22mc/data/LJSpeech-1.1/wavs/LJ019-0273.wav,which sir joshua jebb told the committee he considered the proper elements of penal discipline,0.0666666666666666,which sir joshua jeb told the committee he considered the proper elements of penal discipline,-7.438014984130859,7044.890625,-56831.8046875,63876.6953125
/fastdata/acq22mc/data/LJSpeech-1.1/wavs/LJ019-0273.wav,which sir joshua jebb told the committee he considered the proper elements of penal discipline,0.0666666666666666,which sir joshua jev told the committee he considered the proper elements of penal discipline,-9.171919822692873,7216.390625,-56868.375,64084.765625
/fastdata/acq22mc/data/LJSpeech-1.1/wavs/LJ014-0110.wav,at the 1st the boxes were impounded opened and found to contain many of 0 connor is effects,0.0,at the 1st the boxes were impounded opened and found to contain many of 0 connor is effects,-6.781632423400879,7249.9140625,-59064.09375,66314.0078125
/fastdata/acq22mc/data/LJSpeech-1.1/wavs/LJ034-0160.wav,on brennan is subsequent certain identification of lee harvey oswald as the man he saw fire the rifle,0.0,on brennan is subsequent certain identification of lee harvey oswald as the man he saw fire the rifle,-14.819406509399414,9651.8203125,-70050.0625,79701.8828125
/fastdata/acq22mc/data/LJSpeech-1.1/wavs/LJ034-0160.wav,on brennan is subsequent certain identification of lee harvey oswald as the man he saw fire the rifle,0.0555555555555555,on brennan is subsequent certain identification of lee harvey oswald as the man he saw fired the rifle,-15.977163314819336,9388.0390625,-70035.34375,79423.3828125
/fastdata/acq22mc/data/LJSpeech-1.1/wavs/LJ034-0160.wav,on brennan is subsequent certain identification of lee harvey oswald as the man he saw fire the rifle,0.0555555555555555,on brandon is subsequent certain identification of lee harvey oswald as the man he saw fire the rifle,-16.034175872802734,9789.390625,-70060.59375,79849.984375
/fastdata/acq22mc/data/LJSpeech-1.1/wavs/LJ038-0199.wav,11 if i am alive and taken prisoner,0.0,11 if i am alive and taken prisoner,-5.31302547454834,4935.24609375,-27023.96875,31959.21484375
/fastdata/acq22mc/data/LJSpeech-1.1/wavs/LJ038-0199.wav,11 if i am alive and taken prisoner,0.25,11 if i am alive and take in prisoner,-7.396576881408691,4576.208984375,-27032.98828125,31609.197265625
/fastdata/acq22mc/data/LJSpeech-1.1/wavs/LJ038-0199.wav,11 if i am alive and taken prisoner,0.25,11 if i am a live and taken prisoner,-7.819576263427734,5179.67578125,-26955.208984375,32134.884765625
/fastdata/acq22mc/data/LJSpeech-1.1/wavs/LJ038-0199.wav,11 if i am alive and taken prisoner,0.125,11 if i am alive and taken prisoner .,-7.885944843292236,4875.115234375,-26965.0234375,31840.138671875
/fastdata/acq22mc/data/LJSpeech-1.1/wavs/LJ038-0199.wav,11 if i am alive and taken prisoner,0.125,11 if i am alive and taken prisoner ..,-8.011719703674316,4937.248046875,-26961.234375,31898.482421875
/fastdata/acq22mc/data/LJSpeech-1.1/wavs/LJ014-0010.wav,yet he could not overcome the strange fascination it had for him and remained by the side of the corpse till the stretcher came,0.0,yet he could not overcome the strange fascination it had for him and remained by the side of the corpse till the stretcher came,-13.801580429077148,7956.8125,-73168.6796875,81125.4921875
/fastdata/acq22mc/data/LJSpeech-1.1/wavs/LJ014-0010.wav,yet he could not overcome the strange fascination it had for him and remained by the side of the corpse till the stretcher came,0.0416666666666666,yet he could not overcome the strange fascination it had for him and remained by the side of the corpse until the stretcher came,-15.505699157714844,7605.84375,-73031.609375,80637.453125
/fastdata/acq22mc/data/LJSpeech-1.1/wavs/LJ033-0047.wav,i noticed when i went out that the light was on end quote,0.0,i noticed when i went out that the light was on end quote,-4.192535877227783,5731.88671875,-39882.125,45614.01171875
/fastdata/acq22mc/data/LJSpeech-1.1/wavs/LJ033-0047.wav,i noticed when i went out that the light was on end quote,0.0769230769230769,i noticed when i went out that the light was on and quote,-4.292717933654785,5930.53515625,-39888.8125,45819.34765625
/fastdata/acq22mc/data/LJSpeech-1.1/wavs/LJ033-0047.wav,i noticed when i went out that the light was on end quote,0.1538461538461538,i noticed when i went out that the light was on and quote .,-6.948967933654785,6014.796875,-39887.96875,45902.765625
/fastdata/acq22mc/data/LJSpeech-1.1/wavs/LJ040-0027.wav,he was never satisfied with anything,0.0,he was never satisfied with anything,-9.638067245483398,2435.5390625,-21223.359375,23658.8984375
/fastdata/acq22mc/data/LJSpeech-1.1/wavs/LJ048-0228.wav,and others who were present say that no agent was inebriated or acted improperly,0.2142857142857142,and others who were present say that no agent was a knee breated or acted improperly,-6.24247932434082,10192.22265625,-52022.3046875,62214.52734375
/fastdata/acq22mc/data/LJSpeech-1.1/wavs/LJ048-0228.wav,and others who were present say that no agent was inebriated or acted improperly,0.2142857142857142,and others who were present say that no agent was an e breated or acted improperly,-7.524294376373291,10349.7421875,-51995.52734375,62345.26953125
/fastdata/acq22mc/data/LJSpeech-1.1/wavs/LJ048-0228.wav,and others who were present say that no agent was inebriated or acted improperly,0.0714285714285714,and others who were present say that no agent was anebriated or acted improperly,-7.565409183502197,10482.22265625,-51986.2109375,62468.43359375
/fastdata/acq22mc/data/LJSpeech-1.1/wavs/LJ048-0228.wav,and others who were present say that no agent was inebriated or acted improperly,0.0,and others who were present say that no agent was inebriated or acted improperly,-8.328095436096191,10157.66796875,-51935.53125,62093.19921875
/fastdata/acq22mc/data/LJSpeech-1.1/wavs/LJ048-0228.wav,and others who were present say that no agent was inebriated or acted improperly,0.2142857142857142,and others who were present say that no agent was an e breathed or acted improperly,-8.589848518371582,10164.70703125,-51985.98828125,62150.6953125
/fastdata/acq22mc/data/LJSpeech-1.1/wavs/LJ048-0228.wav,and others who were present say that no agent was inebriated or acted improperly,0.2142857142857142,and others who were present say that no agent was a knee breathed or acted improperly,-9.05603313446045,10340.66796875,-51941.50390625,62282.171875
/fastdata/acq22mc/data/LJSpeech-1.1/wavs/LJ048-0228.wav,and others who were present say that no agent was inebriated or acted improperly,0.2142857142857142,and others who were present say that no agent was an e braeated or acted improperly,-9.088638305664062,10166.6328125,-52017.515625,62184.1484375
/fastdata/acq22mc/data/LJSpeech-1.1/wavs/LJ048-0228.wav,and others who were present say that no agent was inebriated or acted improperly,0.2142857142857142,and others who were present say that no agent was an e briated or acted improperly,-9.191221237182615,9962.859375,-52005.34375,61968.203125
/fastdata/acq22mc/data/LJSpeech-1.1/wavs/LJ003-0111.wav,he was in consequence put out of the protection of their internal law end quote their code was a subject of some curiosity,0.0,he was in consequence put out of the protection of their internal law end quote their code was a subject of some curiosity,-6.767829418182373,10713.4765625,-83889.3828125,94602.859375
/fastdata/acq22mc/data/LJSpeech-1.1/wavs/LJ008-0258.wav,let me retrace my steps and speak more in detail of the treatment of the condemned in those bloodthirsty and brutally indifferent days,0.0869565217391304,let me retrace my steps and speak more in detail of the treatment of the condemned in those bloodthirsty and brutally in different days,-7.070581436157227,11072.4296875,-86443.953125,97516.3828125
/fastdata/acq22mc/data/LJSpeech-1.1/wavs/LJ008-0258.wav,let me retrace my steps and speak more in detail of the treatment of the condemned in those bloodthirsty and brutally indifferent days,0.0869565217391304,let me retrace my steps and speak more in detail of the treatment of the condemned in those bloodthirsty and brutally in,-7.6157732009887695,11053.46875,-86408.75,97462.21875
/fastdata/acq22mc/data/LJSpeech-1.1/wavs/LJ008-0258.wav,let me retrace my steps and speak more in detail of the treatment of the condemned in those bloodthirsty and brutally indifferent days,0.0434782608695652,let me retrace my steps and speak more in detail of the treatment of the condemned in those bloodthirsty and brutally indifferent,-7.8970232009887695,10817.25,-86532.4375,97349.6875
/fastdata/acq22mc/data/LJSpeech-1.1/wavs/LJ029-0022.wav,the original plan called for the president to spend only one day in the state making whirlwind visits to dallas fort worth san antonio and houston,0.0769230769230769,the original plan called for the president to spend only one day in the state making whirl wind visits to dallas fort worth san antonio and houston,-8.603187561035156,14044.4296875,-91947.90625,105992.3359375
/fastdata/acq22mc/data/LJSpeech-1.1/wavs/LJ029-0022.wav,the original plan called for the president to spend only one day in the state making whirlwind visits to dallas fort worth san antonio and houston,0.1153846153846153,the original plan called for the president to spend only one day in the state making her old wind visits to dallas fort worth san antonio and houston,-10.771016120910645,13838.0,-91896.4453125,105734.4453125
/fastdata/acq22mc/data/LJSpeech-1.1/wavs/LJ029-0022.wav,the original plan called for the president to spend only one day in the state making whirlwind visits to dallas fort worth san antonio and houston,0.0,the original plan called for the president to spend only one day in the state making whirlwind visits to dallas fort worth san antonio and houston,-10.905176162719728,14358.2421875,-91967.234375,106325.4765625
/fastdata/acq22mc/data/LJSpeech-1.1/wavs/LJ029-0022.wav,the original plan called for the president to spend only one day in the state making whirlwind visits to dallas fort worth san antonio and houston,0.0769230769230769,the original plan called for the president to spend only one day in the state making world wind visits to dallas fort worth san antonio and houston,-10.987753868103027,14389.4296875,-91976.09375,106365.5234375
